ref,pre_migrate_tip,post_migrate_tip
refs/heads/codex/astra-proof-wiring-snapshot-20260919,08beee2eeae80ea49c422577b5580bc43e1df57a,77e391ebdaef5156d331de0c58c65aaf0702aedc
refs/heads/codex/astra-restoration-snapshot-20260919,d059dbf7b543092bce99333843f2bda16a06b327,0e3ace8e4382877a90de522335d0f2e5d1c6a3eb
refs/heads/codex/semantic-overview,0e0d290532bff3c2ddf78f723a3a226d9441813d,7f09753041e7c2d3594f506bd6753a6763bb91cd
refs/heads/feat/machine-overview-m1,36d27e05695268fd7c8bd870b58f3bc2b8de9c06,4342a86664715e5ff093dad84f4728be9928ca16
refs/heads/main,7f2f7dc7ccd0190a8ca9380bf89990221fb18886,90d559d10d4514ec83db5ba0de7b7560ddc853f2
refs/tags/governance-v2.1.0,7e9b9ee709423234c76a69be2da91da3cb1a7554,7c447ca6341b35d4076a28df32ace7748f5b7203
refs/tags/governance-v3.0.0,636e4e52e05e3e9c3da6778d00dc97ff36767957,2dcfe6ff29247f7cfa1e88803797731bf662035e
refs/tags/governance-v3.2.0,93e75bf8cde8f2477f3dbb65bde1c3a9ca85c145,37dd2e9f1645ebcece56d18bcf1e5cc89d96f052
refs/tags/governance-v3.2.0-pre-sharding,4022206132fbeb4b0f1ab8ddd27a3593229031c3,f1726f5a48382ad915d950a43fef184585e37c5f
refs/tags/governance-v3.3.0,02b9c0df3e67ab97b518356bf32148cf38eeb901,bbd81e470fe42d5421bff657ffdc05b9f7c6a690
refs/tags/governance-v3.4.0,fdbcbda47821d5b15cd6cf231f20a48ae14ab55c,0d7990c9b9ce33f30902d2fd044d72e583cb14f9
refs/tags/governance-v3.4.1,d64a4ffe8a251939e0eeaeb04a7a77baca109829,2c7c3662c03bc77faaec4cef535fdbfe3ca1753e
refs/tags/governance-v3.5.0,857c3de9e230b8dc7461fb8ed10243b276933585,adfb0a8502682fc3bac6c46df4c8c94a28938335
refs/tags/governance-v4.0.0,067c844d7e3e60de9ca39b8764a8453181c40b1e,7f6a4d7a99c880cfbcde6a5912834e2fd4575824
